Workbook

Sheet Analysis
A1: Market Analysis Summary | D1: Detailed Statistics
A3: Total Revenue | B3: =SUM(Raw_Data!E2:E51) -> 3938034 | D3: Revenue Statistics
A4: Average Revenue | B4: =AVERAGE(Raw_Data!E2:E51) -> 78760.68 | D4: Total | E4: =SUM(Raw_Data!E2:E51) -> 3938034
A5: Total Sales Volume | B5: =SUM(Raw_Data!D2:D51) -> 28740 | D5: Average | E5: =AVERAGE(Raw_Data!E2:E51) -> 78760.68
A6: Average Market Share | B6: =AVERAGE(Raw_Data!F2:F51) -> 18.724 | D6: Maximum | E6: =MAX(Raw_Data!E2:E51) -> 189486
A7: Average Customer Satisfaction | B7: =AVERAGE(Raw_Data!G2:G51) -> 82.52 | D7: Minimum | E7: =MIN(Raw_Data!E2:E51) -> 12056
A8: Average Growth Rate | B8: =AVERAGE(Raw_Data!K2:K51) -> 4.26 | D8: Standard Deviation | E8: =_xlfn.STDEV.S(Raw_Data!E2:E51) -> 42685.755
A9: Total Marketing Spend | B9: =SUM(Raw_Data!J2:J51) -> 1306148
A10: ROI (Revenue/Marketing) | B10: =B3/B9 -> 3.0149983 | D10: Sales Volume Statistics
D11: Total | E11: =SUM(Raw_Data!D2:D51) -> 28740
A12: Product Performance | D12: Average | E12: =AVERAGE(Raw_Data!D2:D51) -> 574.8
A13: Top Product by Revenue | B13: =INDEX(Raw_Data!B2:B51,MATCH(MAX(SUMIFS(Raw_Data!E2:E51,Raw_Data!B2:B51,{"Product A","Product B","Product C","Product D","Product E"})),SUMIFS(Raw_Data!E2:E51,Raw_Data!B2:B51,{"Product A","Product B","Product C","Product D","Product E"}),0)) -> Product C | D13: Maximum | E13: =MAX(Raw_Data!D2:D51) -> 1000
A14: Top Region by Revenue | B14: =INDEX(Raw_Data!C2:C51,MATCH(MAX(SUMIFS(Raw_Data!E2:E51,Raw_Data!C2:C51,{"North America","Europe","Asia","South America","Africa"})),SUMIFS(Raw_Data!E2:E51,Raw_Data!C2:C51,{"North America","Europe","Asia","South America","Africa"}),0)) -> Europe | D14: Minimum | E14: =MIN(Raw_Data!D2:D51) -> 137
A15: Price Competitiveness | B15: =AVERAGE(Raw_Data!I2:I51)/AVERAGE(Raw_Data!H2:H51) -> 0.99590773
D16: Market Share Statistics
A17: Revenue by Product | D17: Average | E17: =AVERAGE(Raw_Data!F2:F51) -> 18.724
A18: Product A | B18: =SUMIFS(Raw_Data!E2:E51,Raw_Data!B2:B51,"Product A") -> 749177 | D18: Maximum | E18: =MAX(Raw_Data!F2:F51) -> 33.4
A19: Product B | B19: =SUMIFS(Raw_Data!E2:E51,Raw_Data!B2:B51,"Product B") -> 731188 | D19: Minimum | E19: =MIN(Raw_Data!F2:F51) -> 4.1
A20: Product C | B20: =SUMIFS(Raw_Data!E2:E51,Raw_Data!B2:B51,"Product C") -> 764711
A21: Product D | B21: =SUMIFS(Raw_Data!E2:E51,Raw_Data!B2:B51,"Product D") -> 1089867 | D21: Growth Rate Statistics
A22: Product E | B22: =SUMIFS(Raw_Data!E2:E51,Raw_Data!B2:B51,"Product E") -> 603091 | D22: Average | E22: =AVERAGE(Raw_Data!K2:K51) -> 4.26
D23: Maximum | E23: =MAX(Raw_Data!K2:K51) -> 14.3
A24: Revenue by Region | D24: Minimum | E24: =MIN(Raw_Data!K2:K51) -> -6.9
A25: North America | B25: =SUMIFS(Raw_Data!E2:E51,Raw_Data!C2:C51,"North America") -> 222256
A26: Europe | B26: =SUMIFS(Raw_Data!E2:E51,Raw_Data!C2:C51,"Europe") -> 716068 | D26: Price Analysis
A27: Asia | B27: =SUMIFS(Raw_Data!E2:E51,Raw_Data!C2:C51,"Asia") -> 731570 | D27: Avg Our Price | E27: =AVERAGE(Raw_Data!I2:I51) -> 72.9602
A28: South America | B28: =SUMIFS(Raw_Data!E2:E51,Raw_Data!C2:C51,"South America") -> 1295831 | D28: Avg Competitor Price | E28: =AVERAGE(Raw_Data!H2:H51) -> 73.26
A29: Africa | B29: =SUMIFS(Raw_Data!E2:E51,Raw_Data!C2:C51,"Africa") -> 972309 | D29: Price Difference | E29: =E27-E28 -> -0.2998

Sheet Raw_Data
A1: Date | B1: Product | C1: Region | D1: Sales_Volume | E1: Revenue | F1: Market_Share | G1: Customer_Satisfaction | H1: Competitor_Price | I1: Our_Price | J1: Marketing_Spend | K1: Growth_Rate
A2: =DATE(2024,1,1) -> 45292 | B2: =CHOOSE(RANDBETWEEN(1,5),"Product A","Product B","Product C","Product D","Product E") -> Product B | C2: =CHOOSE(RANDBETWEEN(1,5),"North America","Europe","Asia","South America","Africa") -> South America | D2: =RANDBETWEEN(100,1000) -> 380 | E2: =D2*RANDBETWEEN(50,200) -> 66500 | F2: =ROUND(RANDBETWEEN(5,35)+RAND()*4-2,1) -> 18.9 | G2: =RANDBETWEEN(70,98) -> 76 | H2: =RANDBETWEEN(40,120) -> 54 | I2: =ROUND(H2*(0.9+RAND()*0.2),2) -> 50.8 | J2: =RANDBETWEEN(5000,50000) -> 24042 | K2: =ROUND(RANDBETWEEN(-5,15)+RAND()*4-2,1) -> 0.9
A3: =A2+1 -> 45293 | B3: =CHOOSE(RANDBETWEEN(1,5),"Product A","Product B","Product C","Product D","Product E") -> Product A | C3: =CHOOSE(RANDBETWEEN(1,5),"North America","Europe","Asia","South America","Africa") -> Europe | D3: =RANDBETWEEN(100,1000) -> 642 | E3: =D3*RANDBETWEEN(50,200) -> 109782 | F3: =ROUND(RANDBETWEEN(5,35)+RAND()*4-2,1) -> 4.1 | G3: =RANDBETWEEN(70,98) -> 75 | H3: =RANDBETWEEN(40,120) -> 44 | I3: =ROUND(H3*(0.9+RAND()*0.2),2) -> 44.25 | J3: =RANDBETWEEN(5000,50000) -> 25969 | K3: =ROUND(RANDBETWEEN(-5,15)+RAND()*4-2,1) -> -3.8
A4: =A3+1 -> 45294 | B4: =CHOOSE(RANDBETWEEN(1,5),"Product A","Product B","Product C","Product D","Product E") -> Product E | C4: =CHOOSE(RANDBETWEEN(1,5),"North America","Europe","Asia","South America","Africa") -> Africa | D4: =RANDBETWEEN(100,1000) -> 732 | E4: =D4*RANDBETWEEN(50,200) -> 65148 | F4: =ROUND(RANDBETWEEN(5,35)+RAND()*4-2,1) -> 21.1 | G4: =RANDBETWEEN(70,98) -> 75 | H4: =RANDBETWEEN(40,120) -> 102 | I4: =ROUND(H4*(0.9+RAND()*0.2),2) -> 94.7 | J4: =RANDBETWEEN(5000,50000) -> 8237 | K4: =ROUND(RANDBETWEEN(-5,15)+RAND()*4-2,1) -> 3.3
A5: =A4+1 -> 45295 | B5: =CHOOSE(RANDBETWEEN(1,5),"Product A","Product B","Product C","Product D","Product E") -> Product C | C5: =CHOOSE(RANDBETWEEN(1,5),"North America","Europe","Asia","South America","Africa") -> Europe | D5: =RANDBETWEEN(100,1000) -> 885 | E5: =D5*RANDBETWEEN(50,200) -> 53100 | F5: =ROUND(RANDBETWEEN(5,35)+RAND()*4-2,1) -> 21.2 | G5: =RANDBETWEEN(70,98) -> 92 | H5: =RANDBETWEEN(40,120) -> 48 | I5: =ROUND(H5*(0.9+RAND()*0.2),2) -> 50.31 | J5: =RANDBETWEEN(5000,50000) -> 38044 | K5: =ROUND(RANDBETWEEN(-5,15)+RAND()*4-2,1) -> 12.6
A6: =A5+1 -> 45296 | B6: =CHOOSE(RANDBETWEEN(1,5),"Product A","Product B","Product C","Product D","Product E") -> Product D | C6: =CHOOSE(RANDBETWEEN(1,5),"North America","Europe","Asia","South America","Africa") -> Europe | D6: =RANDBETWEEN(100,1000) -> 477 | E6: =D6*RANDBETWEEN(50,200) -> 91107 | F6: =ROUND(RANDBETWEEN(5,35)+RAND()*4-2,1) -> 7.2 | G6: =RANDBETWEEN(70,98) -> 83 | H6: =RANDBETWEEN(40,120) -> 60 | I6: =ROUND(H6*(0.9+RAND()*0.2),2) -> 60.48 | J6: =RANDBETWEEN(5000,50000) -> 45815 | K6: =ROUND(RANDBETWEEN(-5,15)+RAND()*4-2,1) -> -0.8
A7: =A6+1 -> 45297 | B7: =CHOOSE(RANDBETWEEN(1,5),"Product A","Product B","Product C","Product D","Product E") -> Product B | C7: =CHOOSE(RANDBETWEEN(1,5),"North America","Europe","Asia","South America","Africa") -> Asia | D7: =RANDBETWEEN(100,1000) -> 372 | E7: =D7*RANDBETWEEN(50,200) -> 33852 | F7: =ROUND(RANDBETWEEN(5,35)+RAND()*4-2,1) -> 10.3 | G7: =RANDBETWEEN(70,98) -> 91 | H7: =RANDBETWEEN(40,120) -> 44 | I7: =ROUND(H7*(0.9+RAND()*0.2),2) -> 47.78 | J7: =RANDBETWEEN(5000,50000) -> 30052 | K7: =ROUND(RANDBETWEEN(-5,15)+RAND()*4-2,1) -> -1.2
A8: =A7+1 -> 45298 | B8: =CHOOSE(RANDBETWEEN(1,5),"Product A","Product B","Product C","Product D","Product E") -> Product E | C8: =CHOOSE(RANDBETWEEN(1,5),"North America","Europe","Asia","South America","Africa") -> South America | D8: =RANDBETWEEN(100,1000) -> 591 | E8: =D8*RANDBETWEEN(50,200) -> 117018 | F8: =ROUND(RANDBETWEEN(5,35)+RAND()*4-2,1) -> 19 | G8: =RANDBETWEEN(70,98) -> 75 | H8: =RANDBETWEEN(40,120) -> 94 | I8: =ROUND(H8*(0.9+RAND()*0.2),2) -> 88.55 | J8: =RANDBETWEEN(5000,50000) -> 25647 | K8: =ROUND(RANDBETWEEN(-5,15)+RAND()*4-2,1) -> 4.3
A9: =A8+1 -> 45299 | B9: =CHOOSE(RANDBETWEEN(1,5),"Product A","Product B","Product C","Product D","Product E") -> Product B | C9: =CHOOSE(RANDBETWEEN(1,5),"North America","Europe","Asia","South America","Africa") -> South America | D9: =RANDBETWEEN(100,1000) -> 841 | E9: =D9*RANDBETWEEN(50,200) -> 62234 | F9: =ROUND(RANDBETWEEN(5,35)+RAND()*4-2,1) -> 24.7 | G9: =RANDBETWEEN(70,98) -> 72 | H9: =RANDBETWEEN(40,120) -> 45 | I9: =ROUND(H9*(0.9+RAND()*0.2),2) -> 44.03 | J9: =RANDBETWEEN(5000,50000) -> 33902 | K9: =ROUND(RANDBETWEEN(-5,15)+RAND()*4-2,1) -> 12
A10: =A9+1 -> 45300 | B10: =CHOOSE(RANDBETWEEN(1,5),"Product A","Product B","Product C","Product D","Product E") -> Product D | C10: =CHOOSE(RANDBETWEEN(1,5),"North America","Europe","Asia","South America","Africa") -> South America | D10: =RANDBETWEEN(100,1000) -> 984 | E10: =D10*RANDBETWEEN(50,200) -> 185976 | F10: =ROUND(RANDBETWEEN(5,35)+RAND()*4-2,1) -> 17.9 | G10: =RANDBETWEEN(70,98) -> 75 | H10: =RANDBETWEEN(40,120) -> 47 | I10: =ROUND(H10*(0.9+RAND()*0.2),2) -> 48.28 | J10: =RANDBETWEEN(5000,50000) -> 38419 | K10: =ROUND(RANDBETWEEN(-5,15)+RAND()*4-2,1) -> 0.3
A11: =A10+1 -> 45301 | B11: =CHOOSE(RANDBETWEEN(1,5),"Product A","Product B","Product C","Product D","Product E") -> Product B | C11: =CHOOSE(RANDBETWEEN(1,5),"North America","Europe","Asia","South America","Africa") -> South America | D11: =RANDBETWEEN(100,1000) -> 653 | E11: =D11*RANDBETWEEN(50,200) -> 106439 | F11: =ROUND(RANDBETWEEN(5,35)+RAND()*4-2,1) -> 29.9 | G11: =RANDBETWEEN(70,98) -> 96 | H11: =RANDBETWEEN(40,120) -> 54 | I11: =ROUND(H11*(0.9+RAND()*0.2),2) -> 56.88 | J11: =RANDBETWEEN(5000,50000) -> 47375 | K11: =ROUND(RANDBETWEEN(-5,15)+RAND()*4-2,1) -> -1
A12: =A11+1 -> 45302 | B12: =CHOOSE(RANDBETWEEN(1,5),"Product A","Product B","Product C","Product D","Product E") -> Product B | C12: =CHOOSE(RANDBETWEEN(1,5),"North America","Europe","Asia","South America","Africa") -> Asia | D12: =RANDBETWEEN(100,1000) -> 445 | E12: =D12*RANDBETWEEN(50,200) -> 69865 | F12: =ROUND(RANDBETWEEN(5,35)+RAND()*4-2,1) -> 14.2 | G12: =RANDBETWEEN(70,98) -> 97 | H12: =RANDBETWEEN(40,120) -> 63 | I12: =ROUND(H12*(0.9+RAND()*0.2),2) -> 63.4 | J12: =RANDBETWEEN(5000,50000) -> 39434 | K12: =ROUND(RANDBETWEEN(-5,15)+RAND()*4-2,1) -> -1.5
A13: =A12+1 -> 45303 | B13: =CHOOSE(RANDBETWEEN(1,5),"Product A","Product B","Product C","Product D","Product E") -> Product D | C13: =CHOOSE(RANDBETWEEN(1,5),"North America","Europe","Asia","South America","Africa") -> Africa | D13: =RANDBETWEEN(100,1000) -> 378 | E13: =D13*RANDBETWEEN(50,200) -> 65772 | F13: =ROUND(RANDBETWEEN(5,35)+RAND()*4-2,1) -> 27.4 | G13: =RANDBETWEEN(70,98) -> 73 | H13: =RANDBETWEEN(40,120) -> 68 | I13: =ROUND(H13*(0.9+RAND()*0.2),2) -> 72.06 | J13: =RANDBETWEEN(5000,50000) -> 24238 | K13: =ROUND(RANDBETWEEN(-5,15)+RAND()*4-2,1) -> -4.4
A14: =A13+1 -> 45304 | B14: =CHOOSE(RANDBETWEEN(1,5),"Product A","Product B","Product C","Product D","Product E") -> Product C | C14: =CHOOSE(RANDBETWEEN(1,5),"North America","Europe","Asia","South America","Africa") -> Africa | D14: =RANDBETWEEN(100,1000) -> 311 | E14: =D14*RANDBETWEEN(50,200) -> 60645 | F14: =ROUND(RANDBETWEEN(5,35)+RAND()*4-2,1) -> 24.2 | G14: =RANDBETWEEN(70,98) -> 75 | H14: =RANDBETWEEN(40,120) -> 79 | I14: =ROUND(H14*(0.9+RAND()*0.2),2) -> 82.7 | J14: =RANDBETWEEN(5000,50000) -> 12567 | K14: =ROUND(RANDBETWEEN(-5,15)+RAND()*4-2,1) -> 10.7
... A51: =A50+1 -> 45341 | B51: =CHOOSE(RANDBETWEEN(1,5),"Product A","Product B","Product C","Product D","Product E") -> Product D | C51: =CHOOSE(RANDBETWEEN(1,5),"North America","Europe","Asia","South America","Africa") -> Asia | D51: =RANDBETWEEN(100,1000) -> 580 | E51: =D51*RANDBETWEEN(50,200) -> 100920 | F51: =ROUND(RANDBETWEEN(5,35)+RAND()*4-2,1) -> 22.2 | G51: =RANDBETWEEN(70,98) -> 78 | H51: =RANDBETWEEN(40,120) -> 87 | I51: =ROUND(H51*(0.9+RAND()*0.2),2) -> 86.57 | J51: =RANDBETWEEN(5000,50000) -> 43762 | K51: =ROUND(RANDBETWEEN(-5,15)+RAND()*4-2,1) -> -0.7
