Workbook

Sheet Analysis
A1: Temperature (C) | B1: Mean Output | C1: Std Deviation | D1: Number of Trials | E1: Mean Output_Run1 | F1: Mean Output_Run2 | G1: Mean Output_Run3
A2: 20 | B2: =AVERAGEIF(ExperimentalData!$B$2:$B$47,A2,ExperimentalData!$C$2:$C$47) -> 1.1733333 | C2: =_xlfn.STDEV.S(_xlfn._xlws.FILTER(ExperimentalData!$C$2:$E$47,ExperimentalData!$B$2:$B$47=A2)) -> 0.019002924 | D2: =COUNTIF(ExperimentalData!$B$2:$B$47,A2) -> 3 | E2: =AVERAGEIF(ExperimentalData!$B$2:$B$47,A2,ExperimentalData!$C$2:$C$47) -> 1.1733333 | F2: =AVERAGEIF(ExperimentalData!$B$2:$B$47,A2,ExperimentalData!$D$2:$D$47) -> 1.21 | G2: =AVERAGEIF(ExperimentalData!$B$2:$B$47,A2,ExperimentalData!$E$2:$E$47) -> 1.19
A3: 21 | B3: =AVERAGEIF(ExperimentalData!$B$2:$B$47,A3,ExperimentalData!$C$2:$C$47) -> 1.19 | C3: =_xlfn.STDEV.S(_xlfn._xlws.FILTER(ExperimentalData!$C$2:$E$47,ExperimentalData!$B$2:$B$47=A3)) -> 0.018708287 | D3: =COUNTIF(ExperimentalData!$B$2:$B$47,A3) -> 2 | E3: =AVERAGEIF(ExperimentalData!$B$2:$B$47,A3,ExperimentalData!$C$2:$C$47) -> 1.19 | F3: =AVERAGEIF(ExperimentalData!$B$2:$B$47,A3,ExperimentalData!$D$2:$D$47) -> 1.225 | G3: =AVERAGEIF(ExperimentalData!$B$2:$B$47,A3,ExperimentalData!$E$2:$E$47) -> 1.2
A4: 22 | B4: =AVERAGEIF(ExperimentalData!$B$2:$B$47,A4,ExperimentalData!$C$2:$C$47) -> 1.245 | C4: =_xlfn.STDEV.S(_xlfn._xlws.FILTER(ExperimentalData!$C$2:$E$47,ExperimentalData!$B$2:$B$47=A4)) -> 0.014142136 | D4: =COUNTIF(ExperimentalData!$B$2:$B$47,A4) -> 2 | E4: =AVERAGEIF(ExperimentalData!$B$2:$B$47,A4,ExperimentalData!$C$2:$C$47) -> 1.245 | F4: =AVERAGEIF(ExperimentalData!$B$2:$B$47,A4,ExperimentalData!$D$2:$D$47) -> 1.275 | G4: =AVERAGEIF(ExperimentalData!$B$2:$B$47,A4,ExperimentalData!$E$2:$E$47) -> 1.26
A5: 23 | B5: =AVERAGEIF(ExperimentalData!$B$2:$B$47,A5,ExperimentalData!$C$2:$C$47) -> 1.3066667 | C5: =_xlfn.STDEV.S(_xlfn._xlws.FILTER(ExperimentalData!$C$2:$E$47,ExperimentalData!$B$2:$B$47=A5)) -> 0.018027756 | D5: =COUNTIF(ExperimentalData!$B$2:$B$47,A5) -> 3 | E5: =AVERAGEIF(ExperimentalData!$B$2:$B$47,A5,ExperimentalData!$C$2:$C$47) -> 1.3066667 | F5: =AVERAGEIF(ExperimentalData!$B$2:$B$47,A5,ExperimentalData!$D$2:$D$47) -> 1.3466667 | G5: =AVERAGEIF(ExperimentalData!$B$2:$B$47,A5,ExperimentalData!$E$2:$E$47) -> 1.3266667
A6: 24 | B6: =AVERAGEIF(ExperimentalData!$B$2:$B$47,A6,ExperimentalData!$C$2:$C$47) -> 1.3766667 | C6: =_xlfn.STDEV.S(_xlfn._xlws.FILTER(ExperimentalData!$C$2:$E$47,ExperimentalData!$B$2:$B$47=A6)) -> 0.018027756 | D6: =COUNTIF(ExperimentalData!$B$2:$B$47,A6) -> 3 | E6: =AVERAGEIF(ExperimentalData!$B$2:$B$47,A6,ExperimentalData!$C$2:$C$47) -> 1.3766667 | F6: =AVERAGEIF(ExperimentalData!$B$2:$B$47,A6,ExperimentalData!$D$2:$D$47) -> 1.4166667 | G6: =AVERAGEIF(ExperimentalData!$B$2:$B$47,A6,ExperimentalData!$E$2:$E$47) -> 1.3966667
A7: 25 | B7: =AVERAGEIF(ExperimentalData!$B$2:$B$47,A7,ExperimentalData!$C$2:$C$47) -> 1.53 | C7: =_xlfn.STDEV.S(_xlfn._xlws.FILTER(ExperimentalData!$C$2:$E$47,ExperimentalData!$B$2:$B$47=A7)) -> 0.027131368 | D7: =COUNTIF(ExperimentalData!$B$2:$B$47,A7) -> 3 | E7: =AVERAGEIF(ExperimentalData!$B$2:$B$47,A7,ExperimentalData!$C$2:$C$47) -> 1.53 | F7: =AVERAGEIF(ExperimentalData!$B$2:$B$47,A7,ExperimentalData!$D$2:$D$47) -> 1.59 | G7: =AVERAGEIF(ExperimentalData!$B$2:$B$47,A7,ExperimentalData!$E$2:$E$47) -> 1.5566667
A8: 26 | B8: =AVERAGEIF(ExperimentalData!$B$2:$B$47,A8,ExperimentalData!$C$2:$C$47) -> 1.61 | C8: =_xlfn.STDEV.S(_xlfn._xlws.FILTER(ExperimentalData!$C$2:$E$47,ExperimentalData!$B$2:$B$47=A8)) -> 0.024037009 | D8: =COUNTIF(ExperimentalData!$B$2:$B$47,A8) -> 3 | E8: =AVERAGEIF(ExperimentalData!$B$2:$B$47,A8,ExperimentalData!$C$2:$C$47) -> 1.61 | F8: =AVERAGEIF(ExperimentalData!$B$2:$B$47,A8,ExperimentalData!$D$2:$D$47) -> 1.6633333 | G8: =AVERAGEIF(ExperimentalData!$B$2:$B$47,A8,ExperimentalData!$E$2:$E$47) -> 1.6333333
A9: 27 | B9: =AVERAGEIF(ExperimentalData!$B$2:$B$47,A9,ExperimentalData!$C$2:$C$47) -> 1.7 | C9: =_xlfn.STDEV.S(_xlfn._xlws.FILTER(ExperimentalData!$C$2:$E$47,ExperimentalData!$B$2:$B$47=A9)) -> 0.023452079 | D9: =COUNTIF(ExperimentalData!$B$2:$B$47,A9) -> 3 | E9: =AVERAGEIF(ExperimentalData!$B$2:$B$47,A9,ExperimentalData!$C$2:$C$47) -> 1.7 | F9: =AVERAGEIF(ExperimentalData!$B$2:$B$47,A9,ExperimentalData!$D$2:$D$47) -> 1.75 | G9: =AVERAGEIF(ExperimentalData!$B$2:$B$47,A9,ExperimentalData!$E$2:$E$47) -> 1.72
A10: 28 | B10: =AVERAGEIF(ExperimentalData!$B$2:$B$47,A10,ExperimentalData!$C$2:$C$47) -> 1.81 | C10: =_xlfn.STDEV.S(_xlfn._xlws.FILTER(ExperimentalData!$C$2:$E$47,ExperimentalData!$B$2:$B$47=A10)) -> 0.024037009 | D10: =COUNTIF(ExperimentalData!$B$2:$B$47,A10) -> 3 | E10: =AVERAGEIF(ExperimentalData!$B$2:$B$47,A10,ExperimentalData!$C$2:$C$47) -> 1.81 | F10: =AVERAGEIF(ExperimentalData!$B$2:$B$47,A10,ExperimentalData!$D$2:$D$47) -> 1.8633333 | G10: =AVERAGEIF(ExperimentalData!$B$2:$B$47,A10,ExperimentalData!$E$2:$E$47) -> 1.8333333
A11: 29 | B11: =AVERAGEIF(ExperimentalData!$B$2:$B$47,A11,ExperimentalData!$C$2:$C$47) -> 1.93 | C11: =_xlfn.STDEV.S(_xlfn._xlws.FILTER(ExperimentalData!$C$2:$E$47,ExperimentalData!$B$2:$B$47=A11)) -> 0.027386128 | D11: =COUNTIF(ExperimentalData!$B$2:$B$47,A11) -> 3 | E11: =AVERAGEIF(ExperimentalData!$B$2:$B$47,A11,ExperimentalData!$C$2:$C$47) -> 1.93 | F11: =AVERAGEIF(ExperimentalData!$B$2:$B$47,A11,ExperimentalData!$D$2:$D$47) -> 1.99 | G11: =AVERAGEIF(ExperimentalData!$B$2:$B$47,A11,ExperimentalData!$E$2:$E$47) -> 1.96
A12: 30 | B12: =AVERAGEIF(ExperimentalData!$B$2:$B$47,A12,ExperimentalData!$C$2:$C$47) -> 2.05 | C12: =_xlfn.STDEV.S(_xlfn._xlws.FILTER(ExperimentalData!$C$2:$E$47,ExperimentalData!$B$2:$B$47=A12)) -> 0.027386128 | D12: =COUNTIF(ExperimentalData!$B$2:$B$47,A12) -> 3 | E12: =AVERAGEIF(ExperimentalData!$B$2:$B$47,A12,ExperimentalData!$C$2:$C$47) -> 2.05 | F12: =AVERAGEIF(ExperimentalData!$B$2:$B$47,A12,ExperimentalData!$D$2:$D$47) -> 2.11 | G12: =AVERAGEIF(ExperimentalData!$B$2:$B$47,A12,ExperimentalData!$E$2:$E$47) -> 2.08
A13: 31 | B13: =AVERAGEIF(ExperimentalData!$B$2:$B$47,A13,ExperimentalData!$C$2:$C$47) -> 2.18 | C13: =_xlfn.STDEV.S(_xlfn._xlws.FILTER(ExperimentalData!$C$2:$E$47,ExperimentalData!$B$2:$B$47=A13)) -> 0.02538591 | D13: =COUNTIF(ExperimentalData!$B$2:$B$47,A13) -> 3 | E13: =AVERAGEIF(ExperimentalData!$B$2:$B$47,A13,ExperimentalData!$C$2:$C$47) -> 2.18 | F13: =AVERAGEIF(ExperimentalData!$B$2:$B$47,A13,ExperimentalData!$D$2:$D$47) -> 2.2366667 | G13: =AVERAGEIF(ExperimentalData!$B$2:$B$47,A13,ExperimentalData!$E$2:$E$47) -> 2.2066667
... A17: 35 | B17: =AVERAGEIF(ExperimentalData!$B$2:$B$47,A17,ExperimentalData!$C$2:$C$47) -> 2.8333333 | C17: =_xlfn.STDEV.S(_xlfn._xlws.FILTER(ExperimentalData!$C$2:$E$47,ExperimentalData!$B$2:$B$47=A17)) -> 0.032403703 | D17: =COUNTIF(ExperimentalData!$B$2:$B$47,A17) -> 3 | E17: =AVERAGEIF(ExperimentalData!$B$2:$B$47,A17,ExperimentalData!$C$2:$C$47) -> 2.8333333 | F17: =AVERAGEIF(ExperimentalData!$B$2:$B$47,A17,ExperimentalData!$D$2:$D$47) -> 2.9 | G17: =AVERAGEIF(ExperimentalData!$B$2:$B$47,A17,ExperimentalData!$E$2:$E$47) -> 2.8666667
A19: Experimental Data Analysis
A20: Temperature vs Output Statistics
A22: Overall Statistics:
A23: Average Output Across All Temperatures: | B23: =AVERAGE(B2:B17) -> 1.8384375
A24: Overall Standard Deviation: | B24: =_xlfn.STDEV.S(B2:B17) -> 0.54031248
A25: Temperature Range: | B25: =CONCATENATE(MIN(A2:A17),"°C to ",MAX(A2:A17),"°C") -> 20°C to 35°C
A26: Number of Temperature Levels: | B26: =COUNT(A2:A17) -> 16
A28: Chart Analysis:
A29: The scatter plot shows a strong positive linear relationship between temperature and mean output.
A30: As temperature increases from 20°C to 35°C, mean output increases from 1.17 to 2.83.
A31: The linear trendline indicates a consistent increase in output with temperature.
A32: Standard deviations (shown in column C) are relatively small, indicating good measurement precision.

Sheet ExperimentalData
A1: Trial | B1: Temperature (C) | C1: Output_Run1 | D1: Output_Run2 | E1: Output_Run3
A2: 1 | B2: 20 | C2: 1.17 | D2: 1.21 | E2: 1.19
A3: 2 | B3: 20 | C3: 1.16 | D3: 1.2 | E3: 1.18
A4: 3 | B4: 20 | C4: 1.19 | D4: 1.22 | E4: 1.2
A5: 4 | B5: 21 | C5: 1.2 | D5: 1.23 | E5: 1.21
A6: 5 | B6: 21 | C6: 1.18 | D6: 1.22 | E6: 1.19
A7: 6 | B7: 22 | C7: 1.24 | D7: 1.28 | E7: 1.26
A8: 7 | B8: 22 | C8: 1.25 | D8: 1.27 | E8: 1.26
A9: 8 | B9: 23 | C9: 1.3 | D9: 1.34 | E9: 1.32
A10: 9 | B10: 23 | C10: 1.31 | D10: 1.35 | E10: 1.33
A11: 10 | B11: 24 | C11: 1.38 | D11: 1.41 | E11: 1.39
A12: 11 | B12: 24 | C12: 1.37 | D12: 1.42 | E12: 1.4
A13: 12 | B13: 25 | C13: 1.52 | D13: 1.58 | E13: 1.55
... A47: 46 | B47: 23 | C47: 1.31 | D47: 1.35 | E47: 1.33
