Workbook

Sheet Calendar_View
A1: SEPTEMBER 2024 - ATTENDANCE CALENDAR
A3: Sun | B3: Mon | C3: Tue | D3: Wed | E3: Thu | F3: Fri | G3: Sat
A4: 1 | B4: 2 | C4: 3 | D4: 4 | E4: 5 | F4: 6 | G4: 7
A5: 8 | B5: 9 | C5: 10 | D5: 11 | E5: 12 | F5: 13 | G5: 14
A6: 15 | B6: 16 | C6: 17 | D6: 18 | E6: 19 | F6: 20 | G6: 21
A7: 22 | B7: 23 | C7: 24 | D7: 25 | E7: 26 | F7: 27 | G7: 28
A8: 29 | B8: 30
C10: LEGEND: | D10: P = Present | E10: A = Absent | F10: L = Late | G10: E = Excused
A12: Instructions: | B12: This calendar shows daily attendance patterns.\nGreen = Good attendance day (≥80% present)\nYellow = Moderate attendance day (60-79% present)\nRed = Poor attendance day (<60% present)

Sheet Summary
A1: ATTENDANCE SUMMARY REPORT
A3: Class: Grade 10 - Section A
A4: Month: September 2024
A5: Teacher: Mr. Johnson
A7: Overall Statistics
A8: Total Students: | B8: =Attendance_Tracker!B16 -> 5
A9: Days in Month: | B9: =Attendance_Tracker!B17 -> 30
A10: Total Possible Attendance: | B10: =Attendance_Tracker!B18 -> 150
A11: Actual Present Days: | B11: =SUM(Attendance_Tracker!B22:B26) -> 145
A12: Class Attendance Rate: | B12: =B11/B10 -> 0.96666667
A14: Attendance by Status
A15: Status | B15: Count | C15: Percentage
A16: Present | B16: =SUM(Attendance_Tracker!B22:B26) -> 145 | C16: =B16/$B$10 -> 0.96666667
A17: Absent | B17: =SUM(Attendance_Tracker!C22:C26) -> 2 | C17: =B17/$B$10 -> 0.013333333
A18: Late | B18: =SUM(Attendance_Tracker!D22:D26) -> 2 | C18: =B18/$B$10 -> 0.013333333
A19: Excused | B19: =SUM(Attendance_Tracker!E22:E26) -> 1 | C19: =B19/$B$10 -> 0.0066666667
A21: Student Performance Ranking
A22: Rank | B22: Student Name | C22: Attendance % | D22: Status
A23: 1 | B23: =INDEX(Attendance_Tracker!A22:A26,MATCH(MAX(Attendance_Tracker!F22:F26),Attendance_Tracker!F22:F26,0)) -> Emily Johnson | C23: =MAX(Attendance_Tracker!F22:F26) -> 1 | D23: Best
A24: 2 | B24: =INDEX(Attendance_Tracker!A22:A26,MATCH(LARGE(Attendance_Tracker!F22:F26,2),Attendance_Tracker!F22:F26,0)) -> Emily Johnson | C24: =LARGE(Attendance_Tracker!F22:F26,2) -> 1
A25: 3 | B25: =INDEX(Attendance_Tracker!A22:A26,MATCH(LARGE(Attendance_Tracker!F22:F26,3),Attendance_Tracker!F22:F26,0)) -> Emily Johnson | C25: =LARGE(Attendance_Tracker!F22:F26,3) -> 1
A26: 4 | B26: =INDEX(Attendance_Tracker!A22:A26,MATCH(LARGE(Attendance_Tracker!F22:F26,4),Attendance_Tracker!F22:F26,0)) -> Emily Johnson | C26: =LARGE(Attendance_Tracker!F22:F26,4) -> 1
A27: 5 | B27: =INDEX(Attendance_Tracker!A22:A26,MATCH(MIN(Attendance_Tracker!F22:F26),Attendance_Tracker!F22:F26,0)) -> John Smith | C27: =MIN(Attendance_Tracker!F22:F26) -> 0.83333333 | D27: Needs Improvement
A29: Report Generated: | B29: =TODAY() -> 46062
A30: Next Review Date: | B30: =EOMONTH(TODAY(),1) -> 46112

Sheet Attendance_Tracker
A1: STUDENT ATTENDANCE TRACKER | AM1: Created by MINDLINK TEC
A2: Class: Grade 10 - Section A | AM2: =HYPERLINK("https://mica.mindlink.tools", "Copyright © 2025 MICA") -> Copyright © 2025 MICA
A3: Academic Year: 2024-2025
A4: Teacher: Mr. Johnson
A5: Term: Spring Semester
A7: Student Information | I7: Attendance Tracking (Mark 'P' for Present, 'A' for Absent, 'L' for Late, 'E' for Excused)
A8: Student ID | B8: Full Name | C8: Gender | D8: Date of Birth | E8: Contact Phone | F8: Parent/Guardian | G8: Emergency Contact | H8: Medical Notes | I8: 46266 | J8: 46267 | K8: 46268 | L8: 46269 | M8: 46270 | N8: 46271 | O8: 46272 | P8: 46273 | Q8: 46274 | R8: 46275 | S8: 46276 | T8: 46277 | U8: 46278 | V8: 46279 | W8: 46280 | X8: 46281 | Y8: 46282 | Z8: 46283 | AA8: 46284 | AB8: 46285 | AC8: 46286 | AD8: 46287 | AE8: 46288 | AF8: 46289 | AG8: 46290 | AH8: 46291 | AI8: 46292 | AJ8: 46293 | AK8: 46294 | AL8: 46295
A9: 1001 | B9: John Smith | C9: M | D9: 39522 | E9: (555) 123-4567 | F9: Mary Smith | G9: (555) 987-6543 | H9: Allergies: Peanuts | I9: P | J9: P | K9: A | L9: P | M9: P | N9: L | O9: P | P9: P | Q9: E | R9: P | S9: P | T9: P | U9: P | V9: P | W9: A | X9: P | Y9: P | Z9: P | AA9: P | AB9: P | AC9: P | AD9: P | AE9: L | AF9: P | AG9: P | AH9: P | AI9: P | AJ9: P | AK9: P | AL9: P
A10: 1002 | B10: Emily Johnson | C10: F | D10: 39651 | E10: (555) 234-5678 | F10: Robert Johnson | G10: (555) 876-5432 | H10: None | I10: P | J10: P | K10: P | L10: P | M10: P | N10: P | O10: P | P10: P | Q10: P | R10: P | S10: P | T10: P | U10: P | V10: P | W10: P | X10: P | Y10: P | Z10: P | AA10: P | AB10: P | AC10: P | AD10: P | AE10: P | AF10: P | AG10: P | AH10: P | AI10: P | AJ10: P | AK10: P | AL10: P
A11: 1003 | B11: Michael Brown | C11: M | D11: 39416 | E11: (555) 345-6789 | F11: Lisa Brown | G11: (555) 765-4321 | H11: Asthma | I11: P | J11: P | K11: P | L11: P | M11: P | N11: P | O11: P | P11: P | Q11: P | R11: P | S11: P | T11: P | U11: P | V11: P | W11: P | X11: P | Y11: P | Z11: P | AA11: P | AB11: P | AC11: P | AD11: P | AE11: P | AF11: P | AG11: P | AH11: P | AI11: P | AJ11: P | AK11: P | AL11: P
A12: 1004 | B12: Sarah Davis | C12: F | D12: 39465 | E12: (555) 456-7890 | F12: James Davis | G12: (555) 654-3210 | H12: None | I12: P | J12: P | K12: P | L12: P | M12: P | N12: P | O12: P | P12: P | Q12: P | R12: P | S12: P | T12: P | U12: P | V12: P | W12: P | X12: P | Y12: P | Z12: P | AA12: P | AB12: P | AC12: P | AD12: P | AE12: P | AF12: P | AG12: P | AH12: P | AI12: P | AJ12: P | AK12: P | AL12: P
A13: 1005 | B13: David Wilson | C13: M | D13: 39577 | E13: (555) 567-8901 | F13: Jennifer Wilson | G13: (555) 543-2109 | H13: None | I13: P | J13: P | K13: P | L13: P | M13: P | N13: P | O13: P | P13: P | Q13: P | R13: P | S13: P | T13: P | U13: P | V13: P | W13: P | X13: P | Y13: P | Z13: P | AA13: P | AB13: P | AC13: P | AD13: P | AE13: P | AF13: P | AG13: P | AH13: P | AI13: P | AJ13: P | AK13: P | AL13: P
A15: ATTENDANCE SUMMARY
A16: Total Students: | B16: =COUNTA(A9:A13) -> 5
A17: Days in Month: | B17: =COUNTA(I8:AL8) -> 30
A18: Total Possible Attendance: | B18: =B16*B17 -> 150
A20: Attendance Statistics
A21: Student | B21: Present Days | C21: Absent Days | D21: Late Days | E21: Excused Days | F21: Attendance %
A22: =B9 -> John Smith | B22: =COUNTIF(I9:AL9,"P") -> 25 | C22: =COUNTIF(I9:AL9,"A") -> 2 | D22: =COUNTIF(I9:AL9,"L") -> 2 | E22: =COUNTIF(I9:AL9,"E") -> 1 | F22: =B22/$B$17 -> 0.83333333
A23: =B10 -> Emily Johnson | B23: =COUNTIF(I10:AL10,"P") -> 30 | C23: =COUNTIF(I10:AL10,"A") -> 0 | D23: =COUNTIF(I10:AL10,"L") -> 0 | E23: =COUNTIF(I10:AL10,"E") -> 0 | F23: =B23/$B$17 -> 1
A24: =B11 -> Michael Brown | B24: =COUNTIF(I11:AL11,"P") -> 30 | C24: =COUNTIF(I11:AL11,"A") -> 0 | D24: =COUNTIF(I11:AL11,"L") -> 0 | E24: =COUNTIF(I11:AL11,"E") -> 0 | F24: =B24/$B$17 -> 1
A25: =B12 -> Sarah Davis | B25: =COUNTIF(I12:AL12,"P") -> 30 | C25: =COUNTIF(I12:AL12,"A") -> 0 | D25: =COUNTIF(I12:AL12,"L") -> 0 | E25: =COUNTIF(I12:AL12,"E") -> 0 | F25: =B25/$B$17 -> 1
A26: =B13 -> David Wilson | B26: =COUNTIF(I13:AL13,"P") -> 30 | C26: =COUNTIF(I13:AL13,"A") -> 0 | D26: =COUNTIF(I13:AL13,"L") -> 0 | E26: =COUNTIF(I13:AL13,"E") -> 0 | F26: =B26/$B$17 -> 1
A28: Class Average Attendance: | B28: =AVERAGE(F22:F26) -> 0.96666667
A29: Best Attendance: | B29: =MAX(F22:F26) -> 1
A30: Lowest Attendance: | B30: =MIN(F22:F26) -> 0.83333333
A32: LEGEND: | B32: P = Present | C32: A = Absent | D32: L = Late | E32: E = Excused
